City_ID,City,Country,Date,Lat,Lng,Max Temp,Humidity,Cloudiness,Wind Speed
0,Ribeira Grande,PT,2022-07-25 03:39:36,38.5167,-28.7,73.9,90,11,4.99
1,Puerto Ayora,EC,2022-07-25 03:39:37,-0.7393,-90.3518,69.55,92,99,5.99
2,Atuona,PF,2022-07-25 03:39:38,-9.8,-139.0333,76.51,65,2,15.35
3,Mataura,NZ,2022-07-25 03:39:39,-46.1927,168.8643,45.48,85,84,4.18
4,Norman Wells,CA,2022-07-25 03:39:39,65.282,-126.8329,69.84,46,75,3.44
5,Payson,US,2022-07-25 03:37:59,40.0444,-111.7321,74.68,57,0,6.91
6,Ostersund,SE,2022-07-25 03:39:40,63.1792,14.6357,57.65,94,75,12.66
7,Loralai,PK,2022-07-25 03:39:41,30.3705,68.598,73.81,74,91,6.58
8,Fengzhen,CN,2022-07-25 03:39:42,40.4394,113.1536,82.8,35,99,10.29
9,Port Lincoln,AU,2022-07-25 03:39:43,-34.7333,135.8667,56.12,62,31,22.15
10,Jamestown,US,2022-07-25 03:34:56,42.097,-79.2353,75.06,92,40,9.22
11,Hami,CN,2022-07-25 03:39:44,42.8,93.45,88.45,22,100,24.18
12,Bambous Virieux,MU,2022-07-25 03:39:45,-20.3428,57.7575,66.22,94,75,4.61
13,Arraial Do Cabo,BR,2022-07-25 03:39:46,-22.9661,-42.0278,70.54,87,61,20.92
14,Castro,BR,2022-07-25 03:39:47,-24.7911,-50.0119,56.68,75,93,2.91
15,Potiskum,NG,2022-07-25 03:39:47,11.7091,11.0694,77.65,73,71,9.08
16,Qaanaaq,GL,2022-07-25 03:39:48,77.484,-69.3632,38.89,96,100,2.73
17,Saint Paul,US,2022-07-25 03:39:16,44.9444,-93.0933,70.32,60,20,11.5
18,Hilo,US,2022-07-25 03:36:43,19.7297,-155.09,84.27,75,40,9.22
19,Flinders,AU,2022-07-25 03:39:50,-34.5833,150.8552,67.17,69,41,4.0
20,Coihaique,CL,2022-07-25 03:39:51,-45.5752,-72.0662,31.95,93,100,3.44
21,Ilulissat,GL,2022-07-25 03:39:51,69.2167,-51.1,36.93,97,96,2.28
22,Avera,US,2022-07-25 03:39:52,33.194,-82.5271,76.55,83,94,7.4
23,Cabo San Lucas,MX,2022-07-25 03:37:59,22.8909,-109.9124,84.61,78,31,5.99
24,Souillac,MU,2022-07-25 03:39:54,-20.5167,57.5167,61.18,94,75,4.61
25,Mamlyutka,KZ,2022-07-25 03:39:54,54.9375,68.5394,73.42,68,0,5.32
26,Port Alfred,ZA,2022-07-25 03:39:55,-33.5906,26.891,56.82,61,68,3.56
27,Plettenberg Bay,ZA,2022-07-25 03:39:56,-34.0527,23.3716,51.67,74,0,5.53
28,San Patricio,US,2022-07-25 03:39:56,28.017,-97.5169,85.89,76,0,14.41
29,Halifax,CA,2022-07-25 03:37:13,44.6453,-63.5724,67.89,96,68,8.05
30,Hobart,AU,2022-07-25 03:39:57,-42.8794,147.3294,59.25,75,75,5.75
31,Butaritari,KI,2022-07-25 03:39:58,3.0707,172.7902,82.74,70,12,19.26
32,Dunedin,NZ,2022-07-25 03:38:46,-45.8742,170.5036,46.42,88,97,12.15
33,Tiksi,RU,2022-07-25 03:39:59,71.6872,128.8694,50.5,72,50,3.69
34,Labuhan,ID,2022-07-25 03:40:00,-6.8844,112.2051,82.98,58,35,7.27
35,Porto Novo,BJ,2022-07-25 03:40:01,6.4965,2.6036,76.82,83,100,5.7
36,Ponta Do Sol,PT,2022-07-25 03:40:03,32.6667,-17.1,83.12,36,18,4.32
37,Dikson,RU,2022-07-25 03:40:04,73.5069,80.5464,47.57,93,100,10.33
38,Vaini,TO,2022-07-25 03:40:06,-21.2,-175.2,77.16,78,20,9.22
39,Hithadhoo,MV,2022-07-25 03:40:06,-0.6,73.0833,82.0,72,64,8.23
40,Hirara,JP,2022-07-25 03:40:08,24.8,125.2833,93.47,66,40,8.05
41,Iquique,CL,2022-07-25 03:40:09,-20.2208,-70.1431,57.24,78,5,5.41
42,Ferrol,ES,2022-07-25 03:40:10,43.4832,-8.2369,65.68,96,93,5.41
43,Tarakan,ID,2022-07-25 03:40:10,3.3,117.6333,82.11,73,81,4.0
44,Hermanus,ZA,2022-07-25 03:40:11,-34.4187,19.2345,48.88,79,0,11.01
45,Evensk,RU,2022-07-25 03:40:12,61.95,159.2333,60.87,55,12,8.97
46,Balaguer,ES,2022-07-25 03:40:12,41.7912,0.8109,78.48,54,2,2.33
47,Lufilufi,WS,2022-07-25 03:41:13,-13.8745,-171.5986,82.18,78,96,21.32
48,Rikitea,PF,2022-07-25 03:41:14,-23.1203,-134.9692,75.06,81,15,17.56
49,Lompoc,US,2022-07-25 03:37:06,34.6391,-120.4579,64.54,83,100,10.36
50,Tessalit,ML,2022-07-25 03:41:16,20.1986,1.0114,87.21,32,9,6.53
51,Batagay-Alyta,RU,2022-07-25 03:41:17,67.8006,130.4114,72.16,46,22,5.5
52,Greenville,US,2022-07-25 03:41:17,35.6127,-77.3663,78.96,91,0,10.36
53,Lorengau,PG,2022-07-25 03:41:18,-2.0226,147.2712,85.64,68,53,9.4
54,Leh,IN,2022-07-25 03:41:19,34.1667,77.5833,64.99,54,99,3.36
55,Sao Joao Da Barra,BR,2022-07-25 03:41:19,-21.6403,-41.0511,70.14,87,1,10.09
56,Pandan,PH,2022-07-25 03:41:20,14.0453,124.1694,87.1,68,47,6.31
57,Pombia,IT,2022-07-25 03:41:21,45.653,8.6336,78.35,72,40,3.44
58,Zhigansk,RU,2022-07-25 03:41:21,66.7697,123.3711,70.56,55,18,5.19
59,Ushuaia,AR,2022-07-25 03:39:12,-54.8,-68.3,33.46,75,0,5.75
60,Kaman,IN,2022-07-25 03:41:22,27.65,77.2667,89.83,57,24,12.88
61,Grindavik,IS,2022-07-25 03:41:23,63.8424,-22.4338,48.67,93,75,2.3
62,Kanniyakumari,IN,2022-07-25 03:41:24,8.0833,77.5667,82.94,68,69,16.15
63,Ugoofaaru,MV,2022-07-25 03:41:25,5.6667,73.0,81.72,75,88,12.21
64,Torbay,CA,2022-07-25 03:41:25,47.6666,-52.7314,71.89,74,40,16.11
65,Aden,YE,2022-07-25 03:41:05,12.7794,45.0367,82.71,81,94,14.12
66,Georgetown,MY,2022-07-25 03:41:26,5.4112,100.3354,84.88,80,40,3.44
67,Busselton,AU,2022-07-25 03:41:27,-33.65,115.3333,61.52,70,76,20.24
68,Port Hardy,CA,2022-07-25 03:41:28,50.6996,-127.4199,68.18,68,40,13.8
69,Saint-Pierre,RE,2022-07-25 03:41:29,-21.3393,55.4781,66.9,63,0,6.91
70,Maungaturoto,NZ,2022-07-25 03:41:30,-36.1,174.3667,60.06,97,100,19.71
71,Punta Arenas,CL,2022-07-25 03:40:50,-53.15,-70.9167,35.71,69,0,19.57
72,Khatanga,RU,2022-07-25 03:41:31,71.9667,102.5,76.08,60,94,14.07
73,Pauini,BR,2022-07-25 03:41:32,-7.7136,-66.9764,74.32,78,19,2.82
74,Kangaatsiaq,GL,2022-07-25 03:41:32,68.3065,-53.4641,39.06,97,100,8.99
75,Honningsvag,NO,2022-07-25 03:41:33,70.9821,25.9704,53.35,71,61,2.3
76,Tiznit,MA,2022-07-25 03:41:34,29.5833,-9.5,86.94,23,10,2.77
77,Qasigiannguit,GL,2022-07-25 03:41:34,68.8193,-51.1922,36.9,98,99,1.61
78,New Norfolk,AU,2022-07-25 03:41:35,-42.7826,147.0587,58.91,58,66,6.46
79,Mount Gambier,AU,2022-07-25 03:41:36,-37.8333,140.7667,54.14,96,100,12.01
80,Bongouanou,CI,2022-07-25 03:41:37,6.6486,-4.1992,65.7,99,97,1.77
81,Pevek,RU,2022-07-25 03:41:37,69.7008,170.3133,36.99,87,97,4.0
82,Kapaa,US,2022-07-25 03:41:38,22.0752,-159.319,84.18,70,20,14.97
83,Sterling,US,2022-07-25 03:41:39,39.0062,-77.4286,86.13,77,75,7.0
84,Sobolevo,RU,2022-07-25 03:41:40,54.4299,31.8996,57.79,96,30,8.01
85,Tura,IN,2022-07-25 03:41:40,25.5198,90.2201,77.43,90,100,3.51
86,Aktash,RU,2022-07-25 03:41:41,50.3,87.7333,51.37,56,14,7.34
87,Guerrero Negro,MX,2022-07-25 03:41:42,27.9769,-114.0611,68.63,81,15,10.25
88,Mackenzie,CA,2022-07-25 03:41:42,55.2999,-123.1698,66.42,59,100,5.75
89,Pipirig,RO,2022-07-25 03:41:43,47.25,26.0667,62.04,93,7,2.91
90,Chuy,UY,2022-07-25 03:41:44,-33.6971,-53.4616,57.6,97,100,4.54
91,Yellowknife,CA,2022-07-25 03:37:02,62.456,-114.3525,59.52,88,75,13.8
92,Egvekinot,RU,2022-07-25 03:41:45,66.3167,-179.1667,43.12,61,97,2.04
93,Kahului,US,2022-07-25 03:41:47,20.8947,-156.47,86.02,60,40,25.32
94,Upernavik,GL,2022-07-25 03:41:48,72.7868,-56.1549,37.42,98,96,9.06
95,Victoria,HK,2022-07-25 03:39:57,22.2855,114.1577,95.25,68,12,8.99
96,Ust-Kan,RU,2022-07-25 03:42:49,50.9276,84.761,56.3,69,71,3.02
97,Albany,US,2022-07-25 03:41:46,42.6001,-73.9662,72.63,88,99,6.82
98,Cidreira,BR,2022-07-25 03:42:50,-30.1811,-50.2056,63.73,88,100,3.91
99,Samarai,PG,2022-07-25 03:42:52,-10.6167,150.6667,79.81,82,61,15.52
100,Kushmurun,KZ,2022-07-25 03:42:52,52.4503,64.6311,80.92,30,4,6.98
101,Kovdor,RU,2022-07-25 03:42:53,67.5662,30.4758,54.43,63,61,4.94
102,Cotonou,BJ,2022-07-25 03:39:51,6.3654,2.4183,76.98,83,20,11.5
103,Praia Da Vitoria,PT,2022-07-25 03:42:54,38.7333,-27.0667,73.76,94,40,4.94
104,Qui Nhon,VN,2022-07-25 03:42:10,13.7667,109.2333,85.84,66,73,6.51
105,Guiyang,CN,2022-07-25 03:42:56,26.5833,106.7167,84.69,61,75,13.42
106,Conceicao Do Araguaia,BR,2022-07-25 03:42:57,-8.2578,-49.2647,73.2,42,67,3.62
107,Collie,AU,2022-07-25 03:42:58,-33.3667,116.15,59.59,72,37,11.54
108,Mount Isa,AU,2022-07-25 03:42:58,-20.7333,139.5,83.97,24,0,5.75
109,Saint-Philippe,RE,2022-07-25 03:42:59,-21.3585,55.7679,63.99,73,19,7.45
110,Saskylakh,RU,2022-07-25 03:43:00,71.9167,114.0833,75.87,45,22,11.48
111,Acapulco,MX,2022-07-25 03:38:20,16.8634,-99.8901,80.42,83,100,16.11
112,Vredendal,ZA,2022-07-25 03:43:02,-31.6683,18.5012,50.92,48,0,12.95
113,Nome,US,2022-07-25 03:43:02,64.5011,-165.4064,58.15,54,0,8.05
114,Guiglo,CI,2022-07-25 03:43:03,6.5456,-7.4966,68.09,98,100,2.26
115,Nikolskoye,RU,2022-07-25 03:43:03,59.7035,30.7861,63.91,88,26,3.89
116,Sola,VU,2022-07-25 03:43:04,-13.8833,167.55,86.67,70,40,0.0
117,Codrington,AU,2022-07-25 03:43:05,-38.2667,141.9667,57.42,84,100,17.07
118,Weihai,CN,2022-07-25 03:43:05,37.5017,122.1136,85.06,65,0,2.68
119,Port Elizabeth,ZA,2022-07-25 03:43:06,-33.918,25.5701,52.11,93,20,6.91
120,Ledyard,US,2022-07-25 03:43:07,41.4398,-72.0142,80.53,78,20,11.5
121,Kampot,KH,2022-07-25 03:43:08,10.6167,104.1833,86.05,66,29,5.32
122,Utete,TZ,2022-07-25 03:43:08,-7.986,38.758,66.22,94,0,1.36
123,Dryden,CA,2022-07-25 03:43:09,49.7833,-92.7503,57.49,82,100,8.05
124,Mar Del Plata,AR,2022-07-25 03:38:45,-38.0023,-57.5575,51.1,95,100,11.5
125,Contamana,PE,2022-07-25 03:43:10,-7.3333,-75.0167,75.63,78,51,2.37
126,Provideniya,RU,2022-07-25 03:43:11,64.3833,-173.3,50.36,71,75,15.66
127,Erdemli,TR,2022-07-25 03:43:11,36.605,34.3084,82.45,32,0,3.33
128,Carnarvon,AU,2022-07-25 03:43:12,-24.8667,113.6333,65.79,35,0,13.4
129,Vao,NC,2022-07-25 03:43:13,-22.6667,167.4833,71.78,73,53,13.4
130,Faanui,PF,2022-07-25 03:43:14,-16.4833,-151.75,77.99,79,37,11.59
131,Te Anau,NZ,2022-07-25 03:43:14,-45.4167,167.7167,43.63,78,99,4.03
132,Arlit,NE,2022-07-25 03:43:15,18.7369,7.3853,93.02,22,6,4.43
133,Benjamin Constant,BR,2022-07-25 03:43:16,-4.3831,-70.0311,71.73,99,100,0.72
134,Pimentel,PE,2022-07-25 03:43:17,-6.8367,-79.9342,62.28,92,100,11.45
135,Mahebourg,MU,2022-07-25 03:43:17,-20.4081,57.7,66.25,94,75,4.61
136,Lumsden,CA,2022-07-25 03:43:18,50.6501,-104.8678,69.01,57,14,8.25
137,Tuatapere,NZ,2022-07-25 03:43:19,-46.1333,167.6833,45.75,75,83,4.65
138,Ancud,CL,2022-07-25 03:39:15,-41.8697,-73.8203,45.23,94,98,8.28
139,Isangel,VU,2022-07-25 03:43:20,-19.55,169.2667,82.51,83,75,2.3
140,Beringovskiy,RU,2022-07-25 03:43:21,63.05,179.3167,44.82,77,99,13.2
141,Kidal,ML,2022-07-25 03:44:22,18.4411,1.4078,87.13,38,28,5.39
142,Pangnirtung,CA,2022-07-25 03:44:23,66.1451,-65.7125,50.41,74,94,2.37
143,Juneau,US,2022-07-25 03:43:06,58.3019,-134.4197,58.84,98,100,10.36
144,Necochea,AR,2022-07-25 03:44:24,-38.5473,-58.7368,46.96,93,98,8.37
145,Namibe,AO,2022-07-25 03:44:24,-15.1961,12.1522,62.1,87,0,3.36
146,Waingapu,ID,2022-07-25 03:44:25,-9.6567,120.2641,82.71,50,31,14.67
147,Nanortalik,GL,2022-07-25 03:44:26,60.1432,-45.2371,46.26,89,100,3.96
148,Petropavlovsk-Kamchatskiy,RU,2022-07-25 03:44:26,53.0452,158.6483,55.99,94,100,4.47
149,Ivybridge,GB,2022-07-25 03:44:27,50.3904,-3.9191,60.85,92,54,17.49
150,Bien Hoa,VN,2022-07-25 03:44:28,10.95,106.8167,87.78,65,23,4.36
151,Acarau,BR,2022-07-25 03:44:28,-2.8856,-40.12,79.27,81,85,17.72
152,La Reforma,MX,2022-07-25 03:44:29,25.0833,-108.05,81.39,78,100,7.25
153,Riyadh,SA,2022-07-25 03:42:54,24.6877,46.7219,91.54,17,78,12.93
154,Vardo,NO,2022-07-25 03:44:30,70.3705,31.1107,51.78,82,19,0.0
155,Tasiilaq,GL,2022-07-25 03:44:31,65.6145,-37.6368,41.16,87,90,3.6
156,Lac-Au-Saumon,CA,2022-07-25 03:44:31,48.421,-67.3476,64.98,99,100,3.27
157,Kavieng,PG,2022-07-25 03:44:32,-2.5744,150.7967,84.16,71,8,7.52
158,Srivardhan,IN,2022-07-25 03:44:33,18.0333,73.0167,79.54,83,100,6.11
159,Nelson Bay,AU,2022-07-25 03:44:33,-32.7167,152.15,66.99,74,40,5.99
160,Contagem,BR,2022-07-25 03:44:34,-19.9317,-44.0536,59.52,77,0,0.0
161,Hofn,IS,2022-07-25 03:44:35,64.2539,-15.2082,49.73,93,99,5.93
162,Ringas,IN,2022-07-25 03:44:35,27.35,75.5667,85.86,64,39,13.73
163,Valera,VE,2022-07-25 03:44:36,9.3178,-70.6036,70.59,90,59,5.37
164,Yumen,CN,2022-07-25 03:44:37,40.2833,97.2,89.38,17,29,16.4
165,Namatanai,PG,2022-07-25 03:44:37,-3.6667,152.4333,83.62,74,29,10.47
166,Kaitangata,NZ,2022-07-25 03:44:38,-46.2817,169.8464,46.76,89,100,13.04
167,Derzhavinsk,KZ,2022-07-25 03:44:39,51.1,66.3167,81.55,26,9,8.93
168,Saldanha,ZA,2022-07-25 03:44:40,-33.0117,17.9442,48.25,57,0,10.04
169,Springville,US,2022-07-25 03:44:40,40.1652,-111.6107,74.95,56,0,6.91
170,Natchez,US,2022-07-25 03:39:55,31.5604,-91.4032,80.82,74,0,6.91
171,Bredasdorp,ZA,2022-07-25 03:44:42,-34.5322,20.0403,45.01,88,0,5.35
172,Soltsy,RU,2022-07-25 03:44:42,58.1239,30.3238,59.16,95,5,3.8
173,Malakal,SS,2022-07-25 03:44:43,9.5334,31.6605,69.91,92,91,3.53
174,Havre-Saint-Pierre,CA,2022-07-25 03:44:44,50.2334,-63.5986,61.16,88,40,2.3
175,Ambilobe,MG,2022-07-25 03:44:44,-13.2,49.05,64.96,78,6,3.27
176,Kenai,US,2022-07-25 03:44:45,60.5544,-151.2583,66.29,57,100,4.61
177,Alanya,TR,2022-07-25 03:44:46,36.5438,31.9998,80.73,42,0,9.95
178,East London,ZA,2022-07-25 03:44:47,-33.0153,27.9116,50.94,87,0,6.91
179,Thompson,CA,2022-07-25 03:44:48,55.7435,-97.8558,57.36,67,40,0.0
180,Vieira De Leiria,PT,2022-07-25 03:44:54,39.8695,-8.9324,63.41,92,75,6.91
181,Caraubas,BR,2022-07-25 03:44:54,-5.7925,-37.5567,72.55,63,63,16.24
182,Wellington,NZ,2022-07-25 03:42:11,-41.2866,174.7756,53.26,86,75,5.75
183,Prince Rupert,CA,2022-07-25 03:40:11,54.3161,-130.3201,60.89,96,100,10.36
184,Nabire,ID,2022-07-25 03:44:56,-3.3667,135.4833,84.58,70,50,3.8
185,Mackay,AU,2022-07-25 03:44:57,-21.15,149.2,73.69,84,98,11.27
186,Severo-Kurilsk,RU,2022-07-25 03:44:58,50.6789,156.125,51.62,96,100,17.45
187,Shar,KZ,2022-07-25 03:45:59,49.5886,81.0453,71.38,36,1,10.33
188,Pimenta Bueno,BR,2022-07-25 03:46:00,-11.6725,-61.1936,72.41,47,13,3.53
189,Tuktoyaktuk,CA,2022-07-25 03:46:00,69.4541,-133.0374,46.4,81,75,6.91
190,Hasaki,JP,2022-07-25 03:46:01,35.7333,140.8333,86.4,80,88,17.02
191,Katherine,AU,2022-07-25 03:46:02,-14.4667,132.2667,88.12,19,5,12.66
192,Olafsvik,IS,2022-07-25 03:46:02,64.8945,-23.7142,50.68,83,85,7.38
193,Cherskiy,RU,2022-07-25 03:46:03,68.75,161.3,64.94,35,21,7.14
194,Piedras Negras,MX,2022-07-25 03:46:04,28.7,-100.5167,95.85,46,28,25.43
195,Svetlogorsk,BY,2022-07-25 03:46:05,52.6333,29.7333,58.21,97,17,8.25
196,Bluff,NZ,2022-07-25 03:46:05,-46.6,168.3333,45.81,85,63,21.16
197,Kruisfontein,ZA,2022-07-25 03:46:06,-34.0033,24.7314,49.89,79,79,3.56
198,Lovozero,RU,2022-07-25 03:46:07,68.005,35.0117,53.85,62,90,4.32
199,Korla,CN,2022-07-25 03:46:08,41.7597,86.1469,95.11,15,44,13.62
200,Manokwari,ID,2022-07-25 03:41:47,-0.8667,134.0833,83.66,70,49,7.43
201,Roald,NO,2022-07-25 03:46:10,62.5833,6.1333,61.9,94,100,5.75
202,Chama,CH,2022-07-25 03:46:11,47.1821,8.4636,73.26,86,0,0.0
203,Brae,GB,2022-07-25 03:46:11,60.3964,-1.353,52.59,91,99,18.97
204,Darhan,MN,2022-07-25 03:46:14,49.4867,105.9228,64.72,66,87,3.4
205,Taltal,CL,2022-07-25 03:46:15,-25.4,-70.4833,55.89,88,19,3.58
206,Padang,ID,2022-07-25 03:46:15,-0.9492,100.3543,75.25,93,100,4.25
207,Niksar,TR,2022-07-25 03:46:16,40.5917,36.9517,62.13,80,0,1.66
208,Kishi,NG,2022-07-25 03:46:17,9.0833,3.85,69.39,91,100,3.8
209,La Huacana,MX,2022-07-25 03:46:18,18.9667,-101.8167,73.74,84,89,4.16
210,Bethel,US,2022-07-25 03:46:18,41.3712,-73.414,80.76,77,0,0.0
211,Kodiak,US,2022-07-25 03:46:19,57.79,-152.4072,54.91,88,100,4.61
212,Sao Filipe,CV,2022-07-25 03:46:20,14.8961,-24.4956,77.63,85,92,11.74
213,Qitaihe,CN,2022-07-25 03:46:21,45.8,130.85,70.47,83,99,3.85
214,Langsa,ID,2022-07-25 03:46:21,4.4683,97.9683,83.44,72,100,2.86
215,Daru,PG,2022-07-25 03:46:22,-9.0763,143.2092,78.26,87,89,15.86
216,Xinxiang,CN,2022-07-25 03:46:23,35.3089,113.8672,89.74,57,17,7.43
217,Chitral,PK,2022-07-25 03:46:24,35.8462,71.7858,79.25,70,45,3.89
218,Saint George,US,2022-07-25 03:46:25,37.1041,-113.5841,91.99,29,0,5.75
219,Cape Town,ZA,2022-07-25 03:45:20,-33.9258,18.4232,56.37,80,0,2.3
220,Bahia Honda,CU,2022-07-25 03:46:26,22.9036,-83.1592,78.44,87,54,10.11
221,Talcahuano,CL,2022-07-25 03:46:26,-36.7167,-73.1167,53.28,94,100,16.11
222,Thung Song,TH,2022-07-25 03:46:27,8.1645,99.6804,90.43,65,97,5.39
223,Bambari,CF,2022-07-25 03:46:28,5.768,20.6757,68.99,96,89,1.77
224,Safaga,EG,2022-07-25 03:46:29,26.7292,33.9365,85.21,39,14,8.68
225,Juxtlahuaca,MX,2022-07-25 03:46:30,17.4294,-99.1467,69.82,98,100,1.3
226,Nizhniy Kuranakh,RU,2022-07-25 03:46:30,58.8353,125.4869,88.39,42,22,1.54
227,Hastings,GB,2022-07-25 03:46:31,50.8552,0.5729,66.33,87,84,16.42
228,Waddan,LY,2022-07-25 03:46:32,29.1614,16.139,72.57,70,0,7.81
229,Weiser,US,2022-07-25 03:46:33,44.251,-116.9693,89.8,31,0,3.0
230,Deming,US,2022-07-25 03:46:34,32.2687,-107.7586,71.49,83,75,11.5
231,Road Town,VG,2022-07-25 03:44:03,18.4167,-64.6167,80.69,79,2,22.19
232,Nikolayevka,RU,2022-07-25 03:47:35,53.1257,47.2041,68.05,82,61,1.92
233,Amapa,BR,2022-07-25 03:47:36,1.0,-52.0,70.97,98,82,1.9
234,Jamame,SO,2022-07-25 03:47:36,0.0722,42.7506,74.52,77,51,12.77
235,Shagamu,NG,2022-07-25 03:47:37,6.8432,3.6478,72.79,95,100,3.0
236,Alyangula,AU,2022-07-25 03:47:38,-13.8483,136.4192,77.79,68,66,4.03
237,Burnie,AU,2022-07-25 03:47:39,-41.0667,145.9167,56.91,83,95,11.97
238,Ayacucho,PE,2022-07-25 03:47:39,-13.1583,-74.2239,54.73,76,96,0.92
239,Comodoro Rivadavia,AR,2022-07-25 03:45:01,-45.8667,-67.5,30.06,80,0,2.3
240,Jilib,SO,2022-07-25 03:47:41,0.4883,42.7854,72.59,84,57,7.25
241,Poum,NC,2022-07-25 03:47:42,-20.2333,164.0167,75.25,64,0,15.55
242,Dunkirk,FR,2022-07-25 03:47:43,51.05,2.3667,67.08,84,99,12.75
243,Longyearbyen,SJ,2022-07-25 03:47:43,78.2186,15.6401,46.24,93,75,6.91
244,Hearst,CA,2022-07-25 03:47:44,49.6835,-83.6665,55.65,84,100,7.07
245,Kyra,RU,2022-07-25 03:47:45,49.5776,111.9753,65.77,74,100,4.29
246,Port Blair,IN,2022-07-25 03:47:45,11.6667,92.75,86.04,79,40,8.05
247,Klaksvik,FO,2022-07-25 03:47:17,62.2266,-6.589,49.12,90,89,21.25
248,Kulu,TR,2022-07-25 03:47:47,39.0951,33.0799,63.14,58,0,6.85
249,Bardiyah,LY,2022-07-25 03:47:54,31.7561,25.0865,76.33,75,0,13.58
250,Sandnessjoen,NO,2022-07-25 03:47:55,66.0217,12.6316,60.91,83,75,5.01
251,Paamiut,GL,2022-07-25 03:47:41,61.994,-49.6678,43.29,83,10,3.87
252,Shakawe,BW,2022-07-25 03:47:56,-18.3667,21.85,54.91,50,0,4.0
253,Nagato,JP,2022-07-25 03:47:57,34.3833,131.2,80.78,87,53,6.98
254,San Lorenzo,PY,2022-07-25 03:47:58,-25.3333,-57.5333,77.94,47,0,8.05
255,Palmer,US,2022-07-25 03:47:10,42.1584,-72.3287,81.5,71,100,6.91
256,Tateyama,JP,2022-07-25 03:48:00,34.9833,139.8667,81.73,85,100,12.15
257,Barrow,US,2022-07-25 03:48:00,71.2906,-156.7887,42.82,87,100,13.8
258,Zolotepec,MX,2022-07-25 03:48:01,19.4158,-99.4944,56.68,94,100,6.91
259,Goderich,CA,2022-07-25 03:45:53,43.7501,-81.7165,71.91,88,16,5.75
260,Marawi,PH,2022-07-25 03:48:03,7.9986,124.2928,78.64,78,90,3.85
261,Homer,US,2022-07-25 03:48:04,59.6425,-151.5483,62.49,66,100,8.01
262,Yerbogachen,RU,2022-07-25 03:48:05,61.2767,108.0108,79.09,48,38,3.27
263,Constitucion,CL,2022-07-25 03:48:07,-35.3333,-72.4167,52.77,93,100,9.51
264,Vostok,RU,2022-07-25 03:48:08,46.4856,135.8833,69.35,86,93,3.71
265,Tukums,LV,2022-07-25 03:48:09,56.9669,23.1553,52.95,92,56,5.79
266,Gat,IL,2022-07-25 03:46:03,31.61,34.7642,76.41,74,0,4.27
267,Marzuq,YE,2022-07-25 03:48:11,14.4,46.4667,77.68,63,100,5.59
268,Rumonge,BI,2022-07-25 03:48:12,-3.9736,29.4386,74.39,55,100,2.17
269,Katsuura,JP,2022-07-25 03:48:13,35.1333,140.3,82.99,82,100,12.59
270,Mwaro,BI,2022-07-25 03:48:14,-3.5,29.6667,58.75,64,100,3.04
271,Barquisimeto,VE,2022-07-25 03:45:36,10.0739,-69.3228,72.23,100,38,12.66
272,Boddam,GB,2022-07-25 03:48:15,57.4667,-1.7833,59.49,96,19,7.94
273,Luderitz,NA,2022-07-25 03:48:16,-26.6481,15.1594,65.35,43,0,6.53
274,Polunochnoye,RU,2022-07-25 03:48:16,60.8697,60.4153,63.72,83,82,3.71
275,Aripuana,BR,2022-07-25 03:47:51,-9.1667,-60.6333,71.82,50,9,2.42
276,Northam,GB,2022-07-25 03:49:18,51.0333,-4.2167,60.39,95,83,20.96
277,Dingle,PH,2022-07-25 03:49:18,10.9995,122.6711,86.99,71,85,3.27
278,Anadyr,RU,2022-07-25 03:49:19,64.75,177.4833,54.1,58,75,8.95
279,Netivot,IL,2022-07-25 03:49:20,31.4222,34.5886,76.35,75,0,3.96
280,Peniche,PT,2022-07-25 03:49:21,39.3558,-9.3811,65.1,86,0,11.65
281,Tocache,PE,2022-07-25 03:49:21,-8.1842,-76.5125,69.6,98,82,1.28
282,Aklavik,CA,2022-07-25 03:49:22,68.2191,-135.0107,60.58,55,52,6.55
283,Odweyne,SO,2022-07-25 03:49:23,9.4092,45.064,70.38,53,82,20.58
284,Lebu,CL,2022-07-25 03:47:40,-37.6167,-73.65,53.71,90,100,14.72
285,Haines Junction,CA,2022-07-25 03:49:24,60.7522,-137.5108,58.95,72,100,1.14
286,Bulalacao,PH,2022-07-25 03:49:25,12.3254,121.3435,86.5,69,71,10.04
287,Margherita Di Savoia,IT,2022-07-25 03:49:26,41.3742,16.1502,77.94,49,0,3.69
288,Lima,PE,2022-07-25 03:46:13,-12.0432,-77.0282,58.89,86,40,10.36
289,Avarua,CK,2022-07-25 03:46:06,-21.2078,-159.775,66.25,88,75,5.75
290,Griffith,US,2022-07-25 03:49:27,41.5284,-87.4237,77.49,78,0,4.61
291,Jalu,LY,2022-07-25 03:49:28,29.0331,21.5482,77.45,36,0,7.34
292,Palmas,BR,2022-07-25 03:49:09,-10.2128,-48.3603,69.67,73,0,3.44
293,Esso,RU,2022-07-25 03:49:29,55.9333,158.7,63.27,64,100,5.48
294,San Quintin,MX,2022-07-25 03:49:30,30.4833,-115.95,67.12,84,90,12.03
295,Siocon,PH,2022-07-25 03:49:31,7.7061,122.1353,83.34,80,99,4.07
296,Gamba,GA,2022-07-25 03:49:31,-2.65,10.0,70.02,88,96,0.87
297,Fonte Boa,BR,2022-07-25 03:49:20,-2.4959,-66.2662,72.57,98,84,2.93
298,Galesong,ID,2022-07-25 03:49:33,-5.3166,119.3661,87.82,61,67,2.84
299,Zelenoborskiy,RU,2022-07-25 03:49:33,66.845,32.3622,55.02,72,66,4.56
300,Los Llanos De Aridane,ES,2022-07-25 03:49:34,28.6585,-17.9182,69.55,88,0,10.36
301,Makakilo City,US,2022-07-25 03:49:26,21.3469,-158.0858,82.72,56,0,13.8
302,Newtownards,GB,2022-07-25 03:49:36,54.5924,-5.6909,62.55,85,75,5.75
303,Byron Bay,AU,2022-07-25 03:49:37,-28.65,153.6167,65.95,63,3,5.64
304,Jiayuguan,CN,2022-07-25 03:49:38,39.8167,98.3,86.38,19,5,10.96
305,Jackson,US,2022-07-25 03:49:39,42.4165,-122.8345,93.07,21,0,10.36
306,Minab,IR,2022-07-25 03:49:40,27.1467,57.0801,90.99,71,98,4.43
307,Sitka,US,2022-07-25 03:49:41,57.0531,-135.33,57.09,88,100,5.75
308,Horodnytsya,UA,2022-07-25 03:49:41,50.807,27.3168,56.98,94,62,7.94
309,Erzin,TR,2022-07-25 03:49:42,36.9559,36.2,76.55,37,0,2.86
310,Mizdah,LY,2022-07-25 03:49:43,31.4451,12.9801,68.83,56,0,2.44
311,Amazar,RU,2022-07-25 03:49:44,53.858,120.875,83.26,40,12,6.64
312,Ariquemes,BR,2022-07-25 03:49:44,-9.9133,-63.0408,72.73,50,9,1.9
313,Leningradskiy,RU,2022-07-25 03:49:45,69.3833,178.4167,36.37,90,100,5.08
314,Portland,US,2022-07-25 03:49:21,45.5234,-122.6762,86.04,48,20,11.5
315,Kangaba,ML,2022-07-25 03:49:47,11.9333,-8.4167,70.81,97,100,4.32
316,San Felipe,VE,2022-07-25 03:49:47,10.3399,-68.7425,69.85,97,54,0.85
317,Salalah,OM,2022-07-25 03:47:04,17.0151,54.0924,75.29,100,100,3.44
318,Praia,CV,2022-07-25 03:49:48,14.9215,-23.5087,79.34,89,40,6.91
319,Hanchuan,CN,2022-07-25 03:49:49,30.65,113.7667,96.91,61,18,12.37
320,Haikou,CN,2022-07-25 03:49:50,20.0458,110.3417,89.73,70,75,4.47
321,Ubinskoye,RU,2022-07-25 03:49:51,55.3068,79.6802,62.65,69,94,10.63
322,Wufeng,CN,2022-07-25 03:49:52,27.45,104.8333,76.12,63,48,3.71
323,Moron,AR,2022-07-25 03:47:48,-34.6534,-58.6198,57.0,98,100,9.28
324,Maun,BW,2022-07-25 03:50:53,-19.9833,23.4167,48.16,66,0,2.3
325,Iqaluit,CA,2022-07-25 03:50:54,63.7506,-68.5145,44.33,93,75,3.44
326,Mareeba,AU,2022-07-25 03:50:54,-17.0,145.4333,74.48,67,2,6.87
327,Ixtapa,MX,2022-07-25 03:50:55,20.7,-105.2,79.23,91,92,2.64
328,Althofen,AT,2022-07-25 03:50:56,46.8818,14.4676,62.85,95,0,1.39
329,Port Alberni,CA,2022-07-25 03:50:57,49.2413,-124.8028,74.88,71,63,2.28
330,Gazojak,TM,2022-07-25 03:50:58,41.1875,61.4036,92.98,20,89,9.93
331,Bengkulu,ID,2022-07-25 03:50:58,-3.8004,102.2655,80.33,85,99,7.58
332,Sawtell,AU,2022-07-25 03:50:59,-30.3833,153.1,64.42,55,4,8.05
333,Purpe,RU,2022-07-25 03:51:00,64.4803,76.6897,59.27,62,60,16.58
334,Igarka,RU,2022-07-25 03:51:00,67.4667,86.5833,55.53,82,100,23.78
335,Ios,GR,2022-07-25 03:51:01,36.7333,25.2833,80.38,46,0,8.99
336,Severnyy,RU,2022-07-25 03:51:02,50.677,36.5532,66.24,82,0,8.95
337,Gogrial,SS,2022-07-25 03:51:03,8.5332,28.1004,70.47,93,100,4.27
338,Ostrovnoy,RU,2022-07-25 03:51:04,68.0531,39.5131,51.39,85,100,12.82
339,Tadine,NC,2022-07-25 03:51:05,-21.55,167.8833,72.55,77,100,12.12
340,Altamira,BR,2022-07-25 03:51:05,-3.2033,-52.2064,73.6,71,34,0.45
341,Mabaruma,GY,2022-07-25 03:51:06,8.2,-59.7833,73.24,96,100,2.51
342,Ambon,ID,2022-07-25 03:51:07,-3.6954,128.1814,80.64,79,93,10.8
343,Lillooet,CA,2022-07-25 03:51:08,50.6856,-121.942,77.11,49,98,3.6
344,Maarianhamina,AX,2022-07-25 03:51:09,60.0973,19.9348,49.86,100,0,1.14
345,Matagami,CA,2022-07-25 03:51:11,49.7502,-77.6328,64.51,82,40,2.3
346,Parkes,AU,2022-07-25 03:51:12,-33.1333,148.1833,66.34,48,87,1.01
347,Sri Aman,MY,2022-07-25 03:51:13,1.2376,111.4621,86.09,74,40,0.0
348,Muros,ES,2022-07-25 03:51:14,42.7762,-9.0603,63.09,90,41,2.64
349,Nokaneng,BW,2022-07-25 03:51:15,-19.6667,22.2667,57.06,45,1,4.76
350,Ban Nahin,LA,2022-07-25 03:51:15,18.2418,104.2122,93.29,55,9,3.27
351,Clyde River,CA,2022-07-25 03:51:16,70.4692,-68.5914,43.03,100,100,4.61
352,Pisco,PE,2022-07-25 03:51:17,-13.7,-76.2167,57.25,88,34,1.14
353,Baruun-Urt,MN,2022-07-25 03:51:18,46.6806,113.2792,79.97,29,51,9.24
354,Imeni Poliny Osipenko,RU,2022-07-25 03:51:18,52.4201,136.4853,81.39,58,6,4.36
355,Saint-Georges,GD,2022-07-25 03:50:17,12.0564,-61.7485,76.68,88,20,0.0
356,Yar-Sale,RU,2022-07-25 03:48:35,66.8333,70.8333,53.56,70,96,14.81
357,Chikwawa,MW,2022-07-25 03:51:21,-16.0335,34.8009,61.52,92,4,0.81
358,Cookeville,US,2022-07-25 03:51:22,36.1628,-85.5016,77.81,96,80,4.94
359,Port Hawkesbury,CA,2022-07-25 03:51:23,45.6169,-61.3485,73.96,88,87,4.0
360,Camacha,PT,2022-07-25 03:51:24,33.0833,-16.3333,67.42,83,20,8.05
361,Port Hedland,AU,2022-07-25 03:47:37,-20.3167,118.5667,78.85,25,0,18.41
362,Outlook,CA,2022-07-25 03:51:26,51.5001,-107.0513,63.23,80,82,15.32
363,Miura,JP,2022-07-25 03:51:26,35.14,139.6192,91.6,89,100,13.51
364,Lilongwe,MW,2022-07-25 03:49:56,-13.9669,33.7873,59.0,68,54,5.01
365,Dondo,MZ,2022-07-25 03:51:28,-19.6094,34.7431,58.68,93,0,4.16
366,Geraldton,AU,2022-07-25 03:48:07,-28.7667,114.6,61.21,55,0,20.71
367,Siguiri,GN,2022-07-25 03:51:30,11.6667,-9.5,71.47,97,100,3.13
368,Germantown,US,2022-07-25 03:51:31,39.1732,-77.2717,85.53,78,0,6.91
369,Ust-Tsilma,RU,2022-07-25 03:47:07,65.441,52.1498,57.51,60,83,8.28
370,Oparino,RU,2022-07-25 03:51:32,59.8518,48.2783,69.31,77,52,3.02
371,Verkhnyaya Inta,RU,2022-07-25 03:52:33,65.9811,60.3094,50.79,74,100,14.63
372,San Jeronimo,PE,2022-07-25 03:52:34,-11.9472,-75.2829,45.01,89,100,3.24
373,Maniitsoq,GL,2022-07-25 03:52:34,65.4167,-52.9,43.59,84,2,10.51
374,Trofors,NO,2022-07-25 03:52:35,65.5333,13.4063,55.27,94,100,3.71
375,Cairns,AU,2022-07-25 03:52:36,-16.9167,145.7667,79.11,65,40,16.11
376,Ibotirama,BR,2022-07-25 03:52:36,-12.1853,-43.2206,69.1,70,43,3.36
377,Gamboula,CF,2022-07-25 03:52:37,4.1178,15.1393,66.43,99,91,1.9
378,Ingenbohl,CH,2022-07-25 03:52:38,47.0046,8.6148,73.09,84,0,3.44
379,Lagos,NG,2022-07-25 03:50:03,6.5833,3.75,73.87,94,100,4.72
380,Ortigueira,BR,2022-07-25 03:52:39,-24.2083,-50.9494,58.23,68,100,3.06
381,Vila Franca Do Campo,PT,2022-07-25 03:52:40,37.7167,-25.4333,74.19,89,40,3.02
382,Porto Santo,PT,2022-07-25 03:52:41,33.072,-16.3415,70.18,83,20,8.05
383,Wad Rawah,SD,2022-07-25 03:52:41,15.1603,33.1397,80.62,59,97,10.51
384,La Ronge,CA,2022-07-25 03:52:42,55.1001,-105.2842,62.82,94,75,4.61
385,Bilma,NE,2022-07-25 03:52:43,18.6853,12.9164,88.54,18,16,16.2
386,Honiara,SB,2022-07-25 03:52:44,-9.4333,159.95,85.86,66,52,6.73
387,Smithers,CA,2022-07-25 03:52:44,54.7804,-127.1743,62.92,88,75,3.44
388,Sovetsk,RU,2022-07-25 03:52:45,55.0839,21.8785,57.58,93,35,4.52
389,Banda Aceh,ID,2022-07-25 03:49:27,5.5577,95.3222,84.33,70,98,8.52
390,Lazaro Cardenas,MX,2022-07-25 03:52:46,17.9583,-102.2,79.79,80,47,3.42
391,Liverpool,GB,2022-07-25 03:52:47,53.4106,-2.9779,61.7,87,75,11.5
392,Opuwo,NA,2022-07-25 03:52:48,-18.0607,13.84,57.87,40,0,2.24
393,Novoanninskiy,RU,2022-07-25 03:52:49,50.5287,42.6747,64.49,94,59,5.17
394,Mercedes,AR,2022-07-25 03:52:49,-34.6515,-59.4307,58.03,92,100,11.61
395,Mehamn,NO,2022-07-25 03:52:50,71.0357,27.8492,49.95,87,75,5.75
396,Havelock,US,2022-07-25 03:48:16,34.8791,-76.9013,80.94,90,0,9.22
397,Fortuna,US,2022-07-25 03:52:51,40.5982,-124.1573,56.93,85,34,3.49
398,Xichang,CN,2022-07-25 03:52:52,27.8964,102.2634,77.95,67,48,3.47
399,Dunnville,CA,2022-07-25 03:52:52,42.9001,-79.6163,77.65,89,69,18.54
400,Vilcun,CL,2022-07-25 03:52:53,-38.65,-72.2333,47.26,97,100,2.95
401,Toucheng,TW,2022-07-25 03:52:54,24.8592,121.8233,104.09,60,29,6.76
402,Axim,GH,2022-07-25 03:52:54,4.8699,-2.2405,73.08,85,51,7.09
403,Sangar,RU,2022-07-25 03:52:55,63.9242,127.4739,75.51,50,29,3.44
404,Zomin,UZ,2022-07-25 03:52:56,39.9606,68.3958,92.48,16,0,9.55
405,Faya,SA,2022-07-25 03:52:56,18.3851,42.4509,62.71,78,100,5.82
406,Tilichiki,RU,2022-07-25 03:52:57,60.4667,166.1,57.7,66,65,10.49
407,Sainte-Marie,RE,2022-07-25 03:52:58,-20.8968,55.5496,68.41,76,69,8.05
408,Lavrentiya,RU,2022-07-25 03:52:58,65.5833,-171.0,42.4,88,100,9.82
409,Pajapita,GT,2022-07-25 03:52:59,14.7167,-92.0333,79.16,92,54,4.09
410,Tautira,PF,2022-07-25 03:53:00,-17.7333,-149.15,77.85,81,16,14.12
411,Esperance,AU,2022-07-25 03:53:00,-33.8667,121.9,60.01,50,1,15.86
412,Lagoa,PT,2022-07-25 03:53:01,39.05,-27.9833,72.55,91,0,8.01
413,Bathsheba,BB,2022-07-25 03:48:08,13.2167,-59.5167,81.21,94,75,11.5
414,Vestmannaeyjar,IS,2022-07-25 03:53:02,63.4427,-20.2734,51.55,86,94,7.96
415,Abha,SA,2022-07-25 03:53:04,18.2164,42.5053,62.42,88,20,13.8
416,Lauenburg,DE,2022-07-25 03:53:05,53.372,10.5565,68.25,55,100,7.14
417,Verkh-Usugli,RU,2022-07-25 03:53:06,52.7,115.1667,66.02,89,100,8.97
418,Kambove,CD,2022-07-25 03:54:09,-10.8764,26.5969,54.1,60,15,4.41
419,Saint Anthony,US,2022-07-25 03:54:28,45.0205,-93.218,69.4,64,0,8.05
420,Laguna De Duero,ES,2022-07-25 03:54:28,41.5815,-4.7233,69.87,57,0,8.05
421,Cayenne,GF,2022-07-25 03:50:17,4.9333,-52.3333,82.09,1,0,0.0
422,Bombo,ID,2022-07-25 03:54:30,-8.6131,119.0131,80.55,62,85,10.89
423,Calbuco,CL,2022-07-25 03:54:31,-41.768,-73.1273,42.01,81,100,7.34
424,Huangchuan,CN,2022-07-25 03:54:32,32.1272,115.0394,93.29,59,0,5.23
425,Pudozh,RU,2022-07-25 03:54:33,61.8099,36.5345,60.01,99,100,4.99
426,Ardalstangen,NO,2022-07-25 03:54:36,61.2371,7.6983,62.4,88,98,5.26
427,Vegueta,PE,2022-07-25 03:54:43,-11.0231,-77.6431,61.59,85,54,10.6
428,Fairbanks,US,2022-07-25 03:50:51,64.8378,-147.7164,75.09,32,0,3.44
429,Zhezkazgan,KZ,2022-07-25 03:54:45,47.8043,67.7144,80.58,19,0,11.18
430,Viedma,AR,2022-07-25 03:54:47,-40.8135,-62.9967,45.27,77,100,10.74
431,Bintulu,MY,2022-07-25 03:54:50,3.1667,113.0333,86.41,79,40,1.14
432,Altay,CN,2022-07-25 03:54:52,47.8667,88.1167,76.21,31,13,17.65
433,Marsh Harbour,BS,2022-07-25 03:54:53,26.5412,-77.0636,82.38,74,7,17.05
434,Loandjili,CG,2022-07-25 03:54:55,-4.7561,11.8578,70.9,89,99,1.95
435,Harper,LR,2022-07-25 03:54:56,4.375,-7.7169,73.4,78,86,5.5
436,Srednekolymsk,RU,2022-07-25 03:55:00,67.45,153.6833,72.57,29,100,13.02
437,Ayr,GB,2022-07-25 03:55:02,55.4627,-4.6339,60.31,100,75,10.36
438,Jiblah,YE,2022-07-25 03:55:03,13.9216,44.1467,66.51,66,99,1.72
439,Zhangye,CN,2022-07-25 03:55:05,38.9342,100.4517,90.34,16,0,2.57
440,Airai,TL,2022-07-25 03:55:06,-8.9266,125.4092,71.67,41,74,3.85
441,Tommot,RU,2022-07-25 03:55:08,58.9564,126.2925,88.7,49,41,2.62
442,Yumbe,UG,2022-07-25 03:55:10,3.4651,31.2469,63.1,92,71,2.28
443,Bom Jesus,BR,2022-07-25 03:55:11,-9.0744,-44.3586,69.87,61,88,2.73
444,Saryozek,KZ,2022-07-25 03:55:12,44.3583,77.9753,84.29,22,0,7.54
445,Mon,IN,2022-07-25 03:55:14,26.75,95.1,74.55,95,100,1.21
446,Lessines,BE,2022-07-25 03:55:14,50.711,3.8358,72.28,78,75,5.75
447,Narsaq,GL,2022-07-25 03:55:15,60.9167,-46.05,49.57,71,98,3.85
448,Sabang,ID,2022-07-25 03:55:16,5.8933,95.3214,81.23,79,98,11.48
449,Hamilton,US,2022-07-25 03:55:17,39.1834,-84.5333,79.77,90,100,3.0
450,Oussouye,SN,2022-07-25 03:55:18,12.485,-16.5469,78.89,88,69,2.59
451,Weyburn,CA,2022-07-25 03:55:19,49.6668,-103.8511,62.82,77,5,6.91
452,Liwale,TZ,2022-07-25 03:55:20,-9.7667,37.9333,59.43,97,7,2.93
453,Xuddur,SO,2022-07-25 03:55:21,4.1213,43.8894,68.65,81,7,19.17
454,Mchinji,MW,2022-07-25 03:55:21,-13.7984,32.8802,56.12,74,63,3.31
455,Turtas,RU,2022-07-25 03:55:24,58.9417,69.1325,64.38,79,100,9.22
456,Cockburn Town,TC,2022-07-25 03:50:48,21.4612,-71.1419,81.45,78,55,24.09
457,North Bend,US,2022-07-25 03:55:29,43.4065,-124.2243,63.91,94,75,18.41
458,Baykit,RU,2022-07-25 03:55:30,61.67,96.37,73.29,41,55,5.99
459,Ridgecrest,US,2022-07-25 03:55:31,35.6225,-117.6709,100.26,13,20,17.27
460,Traverse City,US,2022-07-25 03:53:25,44.7631,-85.6206,66.4,76,64,11.77
461,Tutoia,BR,2022-07-25 03:55:32,-2.7619,-42.2744,78.87,88,99,12.44
462,Sorland,NO,2022-07-25 03:55:33,67.667,12.6934,53.46,81,100,18.68
463,Dakoro,NE,2022-07-25 03:55:34,14.5106,6.765,85.6,50,32,10.96
464,Tecate,MX,2022-07-25 03:55:34,32.5667,-116.6333,67.86,76,63,3.6
465,San Isidro,PE,2022-07-25 03:56:36,-12.1167,-77.05,60.01,86,40,10.36
466,Edson,CA,2022-07-25 03:56:37,53.5835,-116.4356,66.34,59,100,4.61
467,Jintur,IN,2022-07-25 03:56:38,19.6167,76.7,78.4,77,100,10.58
468,Svetlyy,RU,2022-07-25 03:56:39,54.675,20.1347,61.97,83,42,6.26
469,Atar,MR,2022-07-25 03:56:40,20.5169,-13.0499,87.46,46,3,7.78
470,Gorontalo,ID,2022-07-25 03:56:41,0.5412,123.0595,86.67,62,41,8.39
471,Aldan,RU,2022-07-25 03:56:43,58.6031,125.3894,84.67,40,39,1.05
472,Kilinochchi,LK,2022-07-25 03:56:45,9.3961,80.3982,87.35,60,88,6.96
473,Temir,KZ,2022-07-25 03:56:47,49.1414,57.13,73.54,55,86,1.61
474,Prainha,BR,2022-07-25 03:56:48,-1.8,-53.48,75.94,77,28,2.37
475,Beyneu,KZ,2022-07-25 03:56:49,45.3167,55.2,78.73,46,77,4.43
476,Pangody,RU,2022-07-25 03:56:51,65.85,74.4859,53.17,75,65,14.56
477,Itarema,BR,2022-07-25 03:55:23,-2.9248,-39.9167,79.29,80,80,17.27
478,Babu,CN,2022-07-25 03:56:53,24.4167,111.5167,94.89,52,3,3.96
479,Usvyaty,RU,2022-07-25 03:56:54,55.7456,30.7533,56.97,95,26,5.41
480,Lao Cai,VN,2022-07-25 03:56:55,22.4833,103.95,91.98,59,19,3.15
481,Coahuayana,MX,2022-07-25 03:56:56,18.7333,-103.6833,78.33,89,93,1.63
482,Vaitape,PF,2022-07-25 03:56:56,-16.5167,-151.75,77.97,79,38,11.65
483,Shahrud,IR,2022-07-25 03:56:57,36.4182,54.9763,76.01,48,5,12.57
484,Talnakh,RU,2022-07-25 03:56:58,69.4865,88.3972,57.51,73,100,30.33
485,Sistranda,NO,2022-07-25 03:56:59,63.7256,8.834,60.76,91,99,13.33
486,Olinda,BR,2022-07-25 03:57:01,-8.0089,-34.8553,71.33,78,20,8.05
487,Tottori,JP,2022-07-25 03:52:53,35.5,134.2333,87.87,66,40,8.05
488,Shangrao,CN,2022-07-25 03:57:03,28.4532,117.9686,99.54,42,0,1.68
489,Ahuimanu,US,2022-07-25 03:57:04,21.4447,-157.8378,79.86,71,4,7.0
490,Hambantota,LK,2022-07-25 03:57:05,6.1241,81.1185,80.94,89,75,5.75
491,Humberto De Campos,BR,2022-07-25 03:57:06,-2.5983,-43.4611,75.42,90,62,3.27
492,Saravan,AM,2022-07-25 03:57:07,39.7196,45.6483,58.93,72,45,3.67
493,Otjiwarongo,NA,2022-07-25 03:57:07,-20.4637,16.6477,54.18,42,0,6.13
494,Kincardine,GB,2022-07-25 03:57:09,56.0667,-3.7167,60.82,96,90,6.58
495,Boromo,BF,2022-07-25 03:57:10,11.75,-2.9333,72.07,88,62,4.61
496,Kot Diji,PK,2022-07-25 03:57:11,27.3427,68.7083,82.42,73,98,13.11
497,Palm Coast,US,2022-07-25 03:53:05,29.585,-81.2078,81.99,89,4,4.0
498,Lamar,US,2022-07-25 03:57:13,33.6668,-95.5836,87.64,37,41,6.82
499,Tshikapa,CD,2022-07-25 03:57:14,-6.4167,20.8,72.16,43,72,1.25
500,Gravelbourg,CA,2022-07-25 03:57:14,49.8834,-106.5512,66.47,50,11,10.16
501,Fort-Shevchenko,KZ,2022-07-25 03:57:15,44.5086,50.263,76.53,57,0,10.89
502,Punta Cardon,VE,2022-07-25 03:57:16,11.6581,-70.215,78.96,82,100,24.27
503,Lithakia,GR,2022-07-25 03:57:16,37.7167,20.8333,69.17,71,0,8.57
504,Boyolangu,ID,2022-07-25 03:57:17,-8.1181,111.8935,79.54,59,73,11.83
505,Dukat,RU,2022-07-25 03:57:18,62.55,155.55,65.89,29,5,2.95
506,Novska,HR,2022-07-25 03:57:19,45.3406,16.9769,63.86,64,0,1.5
507,Akureyri,IS,2022-07-25 03:57:20,65.6835,-18.0878,48.13,87,100,2.3
508,Huadian,CN,2022-07-25 03:57:21,42.9633,126.7478,76.62,83,55,6.87
509,Ilanskiy,RU,2022-07-25 03:57:22,56.2358,96.065,65.44,67,93,14.63
510,Ahipara,NZ,2022-07-25 03:58:22,-35.1667,173.1667,63.05,94,95,17.98
511,Seoul,KR,2022-07-25 03:58:12,37.5683,126.9778,88.99,58,20,4.61
512,Ust-Nera,RU,2022-07-25 03:55:50,64.5667,143.2,74.82,31,20,1.79
513,Kozhva,RU,2022-07-25 03:58:26,65.1073,57.0459,53.11,68,83,5.12
514,Ust-Kishert,RU,2022-07-25 03:58:27,57.3654,57.2495,71.42,76,74,4.72
515,Baracoa,CU,2022-07-25 03:58:28,20.3467,-74.4958,79.48,86,88,11.92
516,Catabangan,PH,2022-07-25 03:58:29,13.8777,122.6615,87.98,65,86,0.65
517,Shreveport,US,2022-07-25 03:57:13,32.5251,-93.7502,89.06,66,49,1.99
518,Sinnamary,GF,2022-07-25 03:58:30,5.3833,-52.95,77.81,88,55,9.13
519,Rognan,NO,2022-07-25 03:58:31,67.0953,15.3878,60.06,62,100,5.59
520,Laguna,US,2022-07-25 03:58:32,38.421,-121.4238,84.34,28,0,9.22
521,Sohag,EG,2022-07-25 03:58:33,26.557,31.6948,80.89,32,10,8.68
522,Eydhafushi,MV,2022-07-25 03:58:35,5.1033,73.0708,81.81,75,81,12.15
523,Caravelas,BR,2022-07-25 03:58:36,-17.7125,-39.2481,69.71,85,99,6.73
524,Altamont,US,2022-07-25 03:58:37,42.2068,-121.7372,72.52,19,0,8.48
525,Nizwa,OM,2022-07-25 03:58:38,22.9333,57.5333,87.8,47,98,2.64
526,Bubaque,GW,2022-07-25 03:58:39,11.2833,-15.8333,78.42,82,97,5.73
527,Porto Walter,BR,2022-07-25 03:58:40,-8.2686,-72.7439,71.83,95,94,1.14
528,Llandrindod Wells,GB,2022-07-25 03:58:41,52.2416,-3.3787,57.38,94,92,14.74
529,Mahajanga,MG,2022-07-25 03:58:42,-15.7167,46.3167,62.62,82,20,2.3
530,San Cristobal,VE,2022-07-25 03:58:42,7.7669,-72.225,69.98,93,52,2.62
531,Mayo,US,2022-07-25 03:58:43,38.8876,-76.5119,86.16,79,71,4.0
532,Lundazi,ZM,2022-07-25 03:58:44,-12.2929,33.1782,61.36,67,82,9.57
533,Natal,BR,2022-07-25 03:54:56,-5.795,-35.2094,75.42,78,0,10.36
534,Ligayan,PH,2022-07-25 03:58:45,4.6533,119.4706,83.12,77,54,12.12
535,Buckeye,US,2022-07-25 03:55:29,33.3703,-112.5838,95.77,51,0,13.8
536,Port Macquarie,AU,2022-07-25 03:58:47,-31.4333,152.9167,66.88,60,22,6.13
537,Andros Town,BS,2022-07-25 03:58:48,24.7,-77.7667,78.76,73,59,18.84
538,Najran,SA,2022-07-25 03:58:48,17.4924,44.1277,72.25,61,100,9.82
539,Kavaratti,IN,2022-07-25 03:58:49,10.5669,72.642,81.9,76,100,11.25
540,Quatre Cocos,MU,2022-07-25 03:58:50,-20.2078,57.7625,67.08,69,13,7.78
541,Serrana,BR,2022-07-25 03:58:51,-21.2114,-47.5956,66.15,55,24,1.83
542,Chokurdakh,RU,2022-07-25 03:58:52,70.6333,147.9167,72.46,30,36,11.21
543,Chapeco,BR,2022-07-25 03:58:54,-27.0964,-52.6183,57.96,90,45,2.66
544,Gornopravdinsk,RU,2022-07-25 03:58:59,60.05,69.9,67.89,69,100,5.7
545,Mezen,RU,2022-07-25 03:59:01,65.8522,44.24,54.45,73,42,8.23
546,Kumo,NG,2022-07-25 03:59:02,10.0447,11.2122,73.83,84,98,8.48
547,Alofi,NU,2022-07-25 03:59:04,-19.0595,-169.9187,75.09,57,64,16.11
548,Inuvik,CA,2022-07-25 03:57:38,68.3499,-133.7218,59.76,72,75,5.75
549,Vachi,RU,2022-07-25 03:59:13,42.072,47.2151,55.11,76,53,2.01
550,Lincoln,US,2022-07-25 03:55:02,40.8,-96.667,77.02,64,19,5.01
551,Rio Gallegos,AR,2022-07-25 03:59:15,-51.6226,-69.2181,21.25,86,0,10.36
552,Sayat,TM,2022-07-25 03:59:16,38.7839,63.8803,87.67,13,0,10.36
553,Slavuta,UA,2022-07-25 03:59:17,50.3016,26.8651,57.2,92,64,7.81
554,Uyemskiy,RU,2022-07-25 03:59:18,64.4743,40.8524,55.45,93,75,4.47
555,Vanderhoof,CA,2022-07-25 03:59:19,54.0166,-124.0198,59.99,78,99,5.08
556,Madarounfa,NE,2022-07-25 03:59:20,13.3087,7.156,82.76,60,72,11.48
557,Verkhniye Kigi,RU,2022-07-25 04:00:23,55.4083,58.6044,70.52,66,44,2.28
558,Gwanda,ZW,2022-07-25 04:00:26,-20.9333,29.0,54.18,85,8,10.85
559,Pili,PH,2022-07-25 04:00:29,13.5833,123.3,89.74,60,65,2.8
560,Maryborough,AU,2022-07-25 04:00:38,-25.5333,152.7,70.7,55,16,5.95
561,Encruzilhada,BR,2022-07-25 04:00:44,-15.5314,-40.9094,58.05,97,80,4.12
562,Upata,VE,2022-07-25 04:00:47,8.0086,-62.3989,72.19,98,98,3.22
563,Zarubino,RU,2022-07-25 04:00:52,42.63,131.0922,68.56,94,88,5.93
564,Turukhansk,RU,2022-07-25 04:01:15,65.8167,87.9833,67.62,53,18,18.39
